<?xml version="1.0" encoding="UTF-8" standalone="yes"?>
<RaiseFault name="RF-IP-Blocked">
    <FaultResponse>
        <Set>
            <StatusCode>403</StatusCode>
            <ReasonPhrase>Forbidden</ReasonPhrase>
        </Set>
        <Set>
            <Headers>
                <Header name="Content-Type">application/json</Header>
            </Headers>
        </Set>
        <Set>
            <Payload contentType="application/json">
                { "error": "Access denied", "message": "Your IP address is blocked","ip": "{blocked.client.ip}" }
            </Payload>
        </Set>
    </FaultResponse>
</RaiseFault>
