<SharedFlowBundle revision="1" name="salt_filter">
    <DisplayName></DisplayName>
    <Description>salt-acl-rules</Description>
    <CreatedAt>1751548004054</CreatedAt>
    <LastModifiedAt>1751548004054</LastModifiedAt>
    <Policies>
        <Policy>JS-ip-blocking-policy</Policy>
        <Policy>KV-log-config</Policy>
        <Policy>Raise-Fault</Policy>
        <Policy>RF-IP-Blocked</Policy>
    </Policies>
    <Resources></Resources>
    <SharedFlows>
        <SharedFlow>default</SharedFlow>
    </SharedFlows>
    <subType>SharedFlow</subType>
</SharedFlowBundle>